url,external category,iprism comment,fortigate category,fortigate subcategory
http://*.meba.kr,ld,,,
https://*.xboxservices.com,ld,,,
http://*.xboxservices.com,ld,,,
http://powerofunitedmigrants.com,malw,"from malicious email 4/1/2020, 172.22.134.66 was infected",,
https://corona-virus-map.com,malw,covid malware exploit,,
http://corona-virus-map.com,malw,covid malware exploit,,
https://*.lijit.com,ld,spyware/adware,,
https://*.agkn.com,ld,spyware/adware_local,,
http://rickeysmileymorningshow.com/,ld,,,
https://rickeysmileymorningshow.com/,ld,,,
https://*.nodemailer.com,ld,malware,,
https://*.imgag.com,ld,adware/spyware,,
http://*.imgag.com,ld,adware/spyware,,
https://plankjock.com,ld,trojan/malware,,
http://datapro.website,ld,malware,,
https://*.pxf.io,ld,,,
*://blue-brokers.com,ld,,,
http://*.bkrtx.com,ld,adware/spyware,,
https://*.bkrtx.com,ld,adware/spyware,,
http://*.mp.microsoft.com,ld,,,
http://*.bellsyscdn.com,ld,,,
https://*.bellsyscdn.com,ld,,,
https://*.secure-web.cisco.com,la,,,
https://*.retirement.sc.gov,la,,,
*://*.secure-web.cisco.com,la,,,
http://*.d2inaklscrgsah.cloudfront.net,ld,malware,,
https://*.d2inaklscrgsah.cloudfront.net,ld,malware,,
http://*.cuoxxscrhhvggevhkurnqphigp.com,ld,malware,,
https://*.cuoxxscrhhvggevhkurnqphigp.com,ld,malware,,
http://*.differentia.ru,ld,malware,,
https://*.differentia.ru,ld,malware,,
https://*.supritofuld.ru,ld,malware,,
https://*.hinspardingnot.ru,ld,malware,,
http://*.supritofuld.ru,ld,Malware,,
http://*.hinspardingnot.ru,ld,Malware,,
https://*.astrobutterfly.com,l13,,,
http://www.genealogybuff.com,ld,,,
https://*.sonycrackle.com,ld,,,
https://play.google.com,ld,malware,,
http://*.funpeer.com,"adt,ndy,prn",,,
https://*.celebrityhive.com,ld,,,
https://*.celebmafia.com,ld,,,
https://*.7tv.de,ld,,,
https://*.radio2.si,ld,,,
https://*.syri.net,ld,,,
https://*.ishowx.com,ld,,,
https://*.pinimg.com,ld,,,
https://*.dantricdn.com,ld,,,
http://*.ocdn.eu,"anon,ptls",possible portal!,,
http://*.cafeblog.hu,ld,,,
https://*.framepress.net,ld,,,
https://*.sozcu.com.tr,ld,,,
https://*.sawfirst.com,ld,,,
https://*.teengallery.com,ld,Site possibly pornography,,
https://*.shamelesscelebrities.com,ld,nudity,,
http://*.2345.com,"spyw,nr",security threat,,
https://managedprint.sharepoint.com,la,,,
http://*.imgburn.com,ld,,,
https://*.sharepoint.com,f/h,,,
https://mail.google.com,e/h,,,
http://bonn-medien.de,malw,malware c&c site,,
https://*.windows.net,e/h,,,
https://purchase.md.mp.microsoft.com/,la,Windows Activation,,
https://licensing.md.mp.microsoft.com/,la,Windows Activation,,
https://displaycatalog.md.mp.microsoft.com/,la,Windows Activation,,
https://purchase.mp.microsoft.com/,la,Windows Activation,,
https://licensing.mp.microsoft.com/,la,Windows Activation,,
https://displaycatalog.mp.microsoft.com/,la,Windows Activation,,
https://validation-v2.sls.microsoft.com/,la,Windows Activation,,
https://activation-v2.sls.microsoft.com/,la,Windows Activation,,
https://validation.sls.microsoft.com/,la,Windows Activation,,
http://crl.microsoft.com/pki/crl/products/MicProSecSerCA_2007-12-04.crl,la,Windows Activation,,
https://activation.sls.microsoft.com/,la,Windows Activation,,
http://go.microsoft.com/,la,Windows Activation,,
https://go.microsoft.com/,la,Windows Activation,,
https://*.summerhamster.com,ld,Site possibly malicious,,
https://mail.twc.com,e/h,,,
https://login.microsoftonline.com,e/h,,,
https://*.zoho.com,e/h,,,
http://*.summerhamster.com,ld,Site rated malicious by threatcrowd.org,,
https://*.ssp.adriver.ru,ld,spyware/adware,,
http://*.scdmv.org,ld,used in coin mining,,
https://*.urbandictionary.com,la,,,
http://*.coinhive.com,"spyw,nr",used in coin mining in the browser,,
https://*.coinhive.com,"spyw,nr",used in coin mining in the browser,,
https://*.driversupport.com,"malw,phis",,,
https://*.drp.su,malw,,,
https://*.cackle.me,malw,,,
https://*.mail.ru,malw,,,
https://*.rambler.ru,malw,,,
https://*.yadro.ru,malw,,,
https://*.yandex.ru,malw,,,
http://*.urbandictionary.com,la,,,
http://*.shopgodwill.com,ld,,,
https://astrobutterfly.com,l13,Testing site for Malware,,
https://*.sceisgateway.sc.gov,finch,to allow Citrix application,,
http://113.97.245.184,ld,,,
http://*.symcd.com,ld,,,
http://*.adobe.com,l11,,,
https://*.adobe.com,l11,,,
http://*.yandex.com,ld,,,
https://s3-us-west-2.amazonaws.com,la,,,
http://timezoff.com,ld,,,
https://connections.webster.edu,ld,,,
http://*.webweaver.nu,ld,,,
*://coupons.com,ld,,,
*://www.chucklefunhead.com,ld,,,
*://thehill.com,ld,,,
*://www.mcclatchydc.com,ld,,,
*://www.mcclatchydc.com,ld,,,
*://thehill.com,ld,,,
*://www.chucklefunhead.com,ld,,,
*://*.reimageplus.com,othm,,,
*://*.fedloan.org,ld,,,
http://*.security-e4z8u.pw,othm,,,
http://*.apache.org,f/h,,,
*://*.nuget.org,l14,,,
*://*.kbb.com,ld,,,
http://download.windowsupdate.com/,l9,,,
http://download.xnview.com/,l15,,,
https://winscp.net/,l15,,,
https://download3.vmware.com/,l15,,,
http://support1.uvnc.com/,l15,,,
http://www.jam-software.de/,l15,,,
https://download.tortoisegit.org/,l15,,,
http://www.tightvnc.com/,l15,,,
http://download.teamviewer.com/,l15,,,
http://www.skype.com/,l15,,,
http://the.earth.li/,l15,,,
http://blue.download.pdfforge.org/,l15,,,
http://get.geo.opera.com/,l15,,,
https://notepad-plus-plus.org/,l15,,,
https://downloads.mariadb.com/,l15,,,
https://downloads.skysql.com/,l15,,,
https://dl.google.com/,l15,,,
https://download.gimp.org/,l15,,,
http://www.freefilesync.org/,l15,,,
http://www.freefilesynchosting.com/,l15,,,
https://download.cdburnerxp.se/,l15,,,
http://www.bullzip.com/,l15,,,
http://fpdownload.macromedia.com.edgekey.net/,l15,,,
http://download.macromedia.com/,l15,,,
http://download.adobe.com/,l15,,,
http://dl.7-zip.org/,l15,,,
*://*.ffpplaylity.com,othm,,,
*://*.ru4.com,ld,,,
http://*.thefreesoftware34.com,ld,,,
http://*.freedownloadsoftware258.club,ld,,,
https://*.fileshare.com,l7,,,
https://c.docs.google.com,la,,,
https://*.google.com/drive,ld,,,
http://player.vcloud.it.best-tv.com,ld,,,
http://www.mydailyviral.com,ld,,,
*://*.tidaltv.com,ld,,,
*://208.69.32.26,ld,,,
https://watson.microsoft.com,l9,,,
https://*.update.microsoft.com,l9,,,
http://*.rantsports.com,ld,,,
http://*.mailchimp.com,ld,,,
*://*.onlineschool.com,ld,,,
*://youtu.be,l1,,,
*://*.youtube-nocookie.com,l1,,,
*://crabtree-valley-mall.com,ld,,,
http://*.ds.serving-sys.com,ld,,,
*://*.freecoloringpages.co.uk,ld,,,
*://*.bestcleardownloads.com,ld,,,
*://*.faithishere.org,ld,,,
*://*.ourfitfamily.org,ld,,,
*://*.tr553.com,ld,,,
*://*.vegrecipesofindia.com,ld,,,
*://*.247inc.net,ld,,,
*://*.cotapmail.com,ld,,,
*://*.sophosupd.net/,la,,,
http://*.viralnova.com/,ld,,,
http://d1.sophosupd.com/,la,,,
*://*.logmein.com,l10,,,
*://*.adnxs.com,ld,,,
*://*.doubleclick.net,ld,,,
*://*.googlesyndication.com,ld,,,
http://*.hensleyfab.com,ld,,,
http://*.askmefast.com,ld,,,
http://*.lporirxe.com,ld,,,
*://*.lporirxe.com,ld,,,
*://*.doubleverify.com,ld,,,
*://t4.liverail.com,ld,,,
http://*.safedownloadsrus.com,ld,,,
http://*.safedownloadsrus136.com,ld,,,
http://*.soilfinisher.com,othm,,,
*://*.exelator.com,ld,,,
http://quu.nu,ld,,,
http://sync.sniperlog.ru,ld,,,
http://www.purplemath.com,ld,,,
*://104.238.141.75,ld,,,
*://104.238.136.31,ld,,,
*://205.234.186.115,ld,,,
*://*.icanhazip.com,othm,,,
*://185.53.177.6,ld,,,
http://*.shopathome.com/toolbar_iframe_install_dlxpixel.aspx,ld,,,
http://*.sahcdn.com/js/toolbar,ld,,,
http://toolbar.shopathome.com/install,ld,,,
*://*.coupon.com,ld,,,
*://*.google.com/docs/,ld,,,
*://*.74.63.145.172,ld,,,
*://104.28.28.101,ld,,,
*://108.61.198.45,ld,,,
*://192.161.180.246,ld,,,
*://108.61.166.110,ld,,,
*://5.61.35.38,ld,,,
*://72.47.232.26,ld,,,
*://151.80.94.248,ld,,,
*://207.182.149.14,ld,,,
*://205.234.186.112,ld,,,
*://*.jdmtea.com,othm,,,
https://portal.sled.sc.gov,la,,,
https://23.198.106.73,ld,,,
*://*.acrobat.com,ld,,,
*://*.adobe.com,l11,,,
http://vimeo.com/1623102,la,,,
*://*.oascentral.epilot.com,ld,,,
*://208.105.226.235,"malw,othm",,,
*://212.31.102.100,"malw,othm",,,
*://58.185.154.99,"malw,othm",,,
*://200.87.126.116,"malw,othm",,,
*://*.drive.google.com,l8,,,
*://88.53.215.64,"malw,othm",,,
*://217.96.33.164,"malw,othm",,,
*://203.131.222.102,"malw,othm",,,
http://*.ruger.com,la,,,
https://*.logmein.com,ld,,,
https://*.logmein.in,ld,,,
http://*.akamaihd.net,la,,,
https://exchange.leapfile.com,la,,,
*://*.dmtracker.com,ld,,,
https://chrome.google.com/webstore/detail/chrome-remote-desktop,ld,,,
*://*yourinstaller.com,"spyw,othm",,,
*://*.spccint.com,"spyw,othm",,,
*://*celebritybeautymag.com-html.pw/,ld,,,
*://*.quuit.com/,ld,,,
*://*.cdninstagram.com/,"m/h,sn/d",,,
*://*.lphbs.com/,ld,,,
*://*.kareeza.com/,"spyw,othm",,,
*://*.nr-data.net,ld,,,
*://*.youtube.com-login.mobi/,"malw,othm",,,
*://*.updatexplore.com/,"malw,othm",,,
*://*.update.mcafeea.com/,"malw,othm",,,
*://*.newsonair.org/,"malw,othm",,,
*://*.mediaplayercodec.net/,"malw,othm",,,
*://*.mcafeea.com/,"malw,othm",,,
*://*.login.yahoo.com-login.mobi/,"malw,othm",,,
*://*.internetexplorer.org/,"malw,othm",,,
*://*.fun4us.us,"malw,othm",,,
*://*.flycenter.ir,"malw,othm",,,
*://*.eyeleo.com-login.mobi,la,,,
*://*.downloadcenter.mcafeea.com,"malw,othm",,,
*://*.download.updatexplore.com,"malw,othm",,,
*://*.com-login.mobi,"malw,othm",,,
*://*.accounts.google.com-login.mobi,"malw,othm",,,
*://*.4techspot.com,"malw,othm",,,
*://*.voxility.net,"malw,othm",,,
*://ak.imgfarm.com,ld,,,
*://*.tumblr.com/,Blog,,,
*://audiomack.com,ld,,,
*://cdn.media9.truegod.tv/,ld,,,
http://*.madammeowpics.com/,ld,,,
*://*.verizon54.com,"viru,othm",,,
*://*.gifas.asso.fr/,ld,,,
*://*.vfw.org,ld,,,
https://vpn.scdmv.net,la,,,
https://secauth.scdmv.net,la,,,
http://fpdownload2.macromedia.com/get/flashplayer/update/,la,,,
*://*.noadradio.com,ld,,,
http://feeds.foxsports.com,ld,,,
https://*.uvnc.com,ld,,,
https://*.realvnc.com,ld,,,
https://*.tightvnc.com,ld,,,
https://*.showmypc.com,ld,,,
https://*.gotomypc.com,ld,,,
https://*.islonline.com,ld,,,
*://*.gotoassist.com,ld,,,
https://*.moxiesoft.com,ld,,,
http://sqm.microsoft.com/,l9,,,
http://watson.microsoft.com/,l9,,,
*://update.microsoft.com/,l9,,,
http://*.palmettostatearmory.com,la,,,
https://*.palmettostatearmory.com,la,,,
*://87.255.51.229,"malw,othm",,,
*://86.124.164.25,"malw,othm",,,
*://212.71.250.4,"malw,othm",,,
*://194.28.174.119,"malw,othm",,,
*://192.210.230.39,"malw,othm",,,
*://*.microsoft.com/technet,la,,,
http://privaterottos.us,ld,,,
http://*.nflximg.com/en_us/buttons/play-button-114.png/protocol/block,ld,,,
http://*.livemixtapes.com,ld,,,
http://*.nflxext.com/FilePackageGetter/,ld,,,
http://www.traileraddict.com,ld,,,
http://www.rogersondemand.com,ld,,,
http://*.stream.hotnewhiphop.com/,ld,,,
http://*.artistdirect.com,ld,,,
http://*.mowline.com/,ld,,,
http://*.jamendo.com,ld,,,
http://www.hotnewhiphop.com/songs/,ld,,,
http://www.hotnewhiphop.com/mixtapes/,ld,,,
http://www.hotnewhiphop.com/videos/,ld,,,
http://www.hotnewhiphop.com/articles/hotties/,ld,,,
*://*.craigslist.org,ld,,,
http://turnerpga-f.akamaihd.net/control,ld,,,
http://data.pga.com/,ld,,,
http://*.majorschampionships.com/data,ld,,,
http://digitalsmiths.pga.com/pga/,ld,,,
https://*.icloud.com,l12,,,
http://*.icloud.com,l12,,,
https://*.facebook.net,l4,,,
*://*.apple.com/,l12,,,
*://*.itunes.com,l12,,,
*://*.isound.be,ld,,,
http://cache-download.real.com,ld,,,
https://pipl.com,ld,,,
*://download.mozilla.org/,la,,,
http://systemcentre.blogspot.com/,la,,,
*://184.82.177.125,ld,,,
*://*.nbc.com,ld,,,
*://*.windowsupdate.com,l9,,,
*://*.teamviewer.com,l10,,,
*://*.youtrap.com,"malw,nr",,,
http://*.winvistatips.com,la,,,
http://*.jimsstores.com,ld,,,
http://*.loopster.com,ld,,,
http://*.msecn.net,ld,,,
http://*.windowsupdate.com,l9,,,
http://*.blogspot.com,ld,,,
http://*.bloglovin.com,ld,,,
http://*.mommysdirtylittlesecret.com,ld,,,
*://*.dayviews.com,ld,,,
*://*.bigarabcock.com,"prn,nr",,,
*://*.stiffdaddy.com,"prn,nr",,,
*://*.bloggerplugins.org,ld,,,
https://play.google.com/store/apps/,ld,,,
*://*.myvidster.com,ld,,,
http://*.staticflickr.com,ld,,,
http://*.pmsimage.com,ld,,,
*://*.myspace.com,l7,,,
*://*.freebieslounge.com,"malw,othm",,,
*://*.antipiracypetition.com,"malw,othm",,,
*://*.digitalminds.cn,"malw,othm",,,
http://streaming.1073jamz.com/_players/coxradio/index.php,ld,,,
http://www.monkeysee.com/categories/19-games-and-gaming,ld,,,
*://*.2afirearmsdealer.com,la,,,
*://*.midwestgunworks.com,la,,,
http://*.gunsandammo.com,la,,,
*://*.springfield-armory.com,la,,,
http://91.121.126.78,ld,,,
https://*.siriusxm.com,ld,,,
*://*.openx.net,ld,,,
*://*.totalprosports.com,ld,,,
*://*.dyndns.org:81,ld,,,
*://*.dyn.com,ld,,,
*://*.dyndns.org,ld,,,
*://*.ha.cnc,ld,,,
*://*.babidou.com,ld,,,
*://*.xuping.com,ld,,,
http://masters-f.akamaihd.net,ld,,,
http://masters-f.akamaihd.net/control,ld,,,
http://www.masters.com/en_US/xml/man/alc/alcChannelConfig_live.xml,ld,,,
http://www.masters.com/en_US/xml/gen/alc/liveVideoChannels.json,ld,,,
http://www.masters.com/en_US/xml/gen/alc/liveVideo.js,ld,,,
http://*.nflxext.com/FilePackageGetter/sharedSystem/pkg-pages/player,ld,,,
https://*.nccp.netflix.com,ld,,,
http://*.nflximg.com.edgesuite.net,ld,,,
http://netflix-928.vo.llnwd.net,ld,,,
http://moviesdownload.agilityhoster.com,"malw,othm",,,
http://www.cemtelekom.net,"malw,othm",,,
http://tony.web.id,"malw,othm",,,
*://*.easysimulations.com,la,,,
*://75.98.48.141,la,,,
http://*.iheart.com,l5,,,
http://*.hotcleaner.com,ld,,,
https://*.fbcdn.net,l2,,,
http://*.fitindex.com,la,,,
http://*.mgid.com/,ld,,,
http://*.dumage.com,ld,,,
http://*.jsoftj.com,ld,,,
http://weblogwally.spaces.live.com,la,,,
http://*.babyberta.com,"malw,othm",,,
http://www.google.com/chrome,la,,,
http://200.5.104.11,ld,,,
http://*.iegallery.com,la,,,
http://*.jmxded131.net,ld,,,
http://www.cornholestencils.com/,ld,,,
http://www.extremeclipart.com/,ld,,,
http://archiveforfiles.com,"malw,othm",,,
http://194.11.16.141,ld,,,
http://*.zedo.com,ld,,,
http://*.h-desk.com,ld,,,
http://*.fileresearchcenter.com,ld,,,
http://*.driverslab.com,ld,,,
http://*.dll-files.com,ld,,,
http://*.dll-download.com,ld,,,
http://*.dll4free.com,ld,,,
http://2010usga-f.akamaihd.net,ld,,,
http://www.usopen.com/multimedia/usga.smil,ld,,,
http://www.usopen.com/en_US/xml/gen/alc/video_console_config_us.xml,ld,,,
http://www.usopen.com/en_US/xml/gen/scores/flashscore.xml,ld,,,
http://*.watchmojo.com,ld,,,
http://*.wimp.com,ld,,,
http://*.adobe-instant-upgrade.com,"malw,othm",,,
http://*.adobe-instant-download.com,"malw,othm",,,
http://picasaweb.google.com/data/feed/,ld,,,
http://*.ggpht.com,ld,,,
http://*.defender-twjjb.in,"malw,othm",,,
http://www.pgatour.com/live-video,ld,,,
http://*.adobeacrobatdownload.com,ld,,,
http://*.2011-adobe-acrobat-download.com,"malw,othm",,,
http://badgurlzhotspot.blogspot.com,ld,,,
http://*.grooveshark.com,ld,,,
http://media.awmi.net/video/,ld,,,
http://*.awmi.net/downloads/tv/,ld,,,
http://*.awmi.net/vod/,ld,,,
http://*.lovedbdb.com,ld,,,
http://*.yurock.net,ld,,,
http://*.oddee.com,ld,,,
http://*.2leep.com,ld,,,
http://*.radaronline.com/rss,ld,,,
http://www.daysofourlives.com/multimedia,ld,,,
http://*.evernote.com/about/download,ld,,,
http://*.joycemeyer.org/MediaPlayers,ld,,,
https://*.ultrasurf.stub,ld,,,
*://*.conary.org,"malw,othm",,,
*://www.conary.org,"malw,othm",,,
http://*.smashitsusa.com/player,ld,,,
http://*.adobe-download1.net,"malw,othm",,,
http://www.mirror.co.uk/video/celebs/,ld,,,
http://www.mirror.co.uk/fun-games/,ld,,,
http://www.wnok.com/cc-common/videos_on_demand/,ld,,,
http://www.wnok.com/pages/viraltv.html,ld,,,
http://*.tressugar.com/,ld,,,
http://www.boomerangtv.co.uk/,ld,,,
http://www.popsugar.tv/,ld,,,
http://*.welcometotheglobalisnet.com,ld,,,
http://*.drawingboardcomic.com,ld,,,
http://*.cowbirdsinlove.com,ld,,,
http://*.lefthandedtoons.com,ld,,,
http://bigontheweb.msn.com/,ld,,,
http://*.toolbar.com,ld,,,
http://*.toolbar.fm,ld,,,
http://*.forumtoolbar.com,ld,,,
http://*.media-toolbar.com,ld,,,
http://*.communitytoolbars.com,ld,,,
http://*.ourtoolbar.fm,ld,,,
http://*.ourtoolbar.com,ld,,,
http://eqcomics.com/wallpapers/,ld,,,
http://media.mtvnservices.com,ld,,,
http://clk.tradedoubler.com,ld,,,
http://www.mtv.com/global/music/player,ld,,,
http://www.mtv.co.uk/videos,ld,,,
http://www.mtv.co.uk/music/playlists/,ld,,,
http://www.mtv.co.uk/games,ld,,,
http://garible.com,ld,,,
http://*.vimby.com/,ld,,,
http://uniondaileytimes.com/,ld,,,
https://*.facebook.com,l4,,,
http://*.facebook.com,l2,,,
http://www.archive.org/,ld,,,
http://www.blip.tv/,ld,,,
http://wbads.vo.llnwd.net/o25/u/telepixtv/ellen/us/video,ld,,,
http://socialstreamingplayer.crystalmedianetworks.com/assets/player,ld,,,
http://www.steveharvey.com//mp3,ld,,,
http://rss.scout.com,ld,,,
http://feeds.wonderwall.com,ld,,,
http://feeds.wired.com,ld,,,
http://silverlight.dlservice.microsoft.com,la,,,
http://www.spinner.com,ld,,,
http://www.bernieleadononline.com/multimedia/MP3,ld,,,
http://www.bernieleadononline.com/downloads,ld,,,
http://mysteryisland.net/monsterzipper,ld,,,
http://mysteryisland.net/music,ld,,,
http://*.winamp.com/,ld,,,
http://*.programmci.com,"malw,othm",,,
http://*.awmi.net/vod/live/gts/flv/*,ld,,,
http://downloads.awmi.net/teaching/,ld,,,
http://www.marktoon.co.uk,ld,,,
http://*.fotolia.com,ld,,,
http://96.9.168.198,"malw,othm",,,
http://expa83.co.cc,"malw,othm",,,
http://skin.issuu.com/,la,,,
http://api.issuu.com/,la,,,
http://static.issuu.com/,la,,,
http://image.issuu.com/,la,,,
http://issuu.com/scsafoffice/docs/,la,,,
http://www.microsoft.com/feeds/technet/en-us/how-to-videos/TechNetHowToVideos.opml,la,,,
http://images.search.yahoo.com,ld,,,
http://*blogspot.com,ld,,,
http://galleryofworld.blogspot.com,ld,,,
http://*.auto-day.com.ua,ld,,,
http://*.imagedoza.com,ld,,,
http://*.photobucket.com/,ld,,,
http://*.google.com/friendconnect/,sn/d,,,
http://playgames.rr.com,ld,,,
http://*.vbox7.com,ld,,,
http://*.diretube.com/,ld,,,
http://*.4videosharing.com/,ld,,,
http://*.vidoevo.com/,ld,,,
http://*.mydown.com,"malw,othm",,,
http://*.skycn.com,"malw,othm",,,
http://www.luckydownloads.com,ld,,,
http://www.gold-software.com/,ld,,,
http://software.informer.com/,ld,,,
http://www.recipester.org,ld,,,
http://www.americanshareware.com/,ld,,,
*://*.twitter.com,l3,,,
http://*.flvpremier.com,"malw,othm",,,
http://www.tmz.com/tmz-tv/,ld,,,
http://www.tmz.com/tmz-live/,ld,,,
http://www.tmz.com/videos/,ld,,,
http://www.centerpointesc.com/marriagematters/audio/,ld,,,
http://www.centerpointesc.com/series/media/satans_favorite_lies/audio/,ld,,,
http://www.centerpointesc.com/series/media/christianity_made_simple/audio/,ld,,,
http://www.centerpointesc.com/series/media/beyond_the_glory/audio/,ld,,,
http://centerpointesc.com/series/media/whats_going_on_here/audio/,ld,,,
http://www.centerpointesc.com/series/media/mystery_of_faith/audio/,ld,,,
http://www.centerpointesc.com/series/media/lessons_of_david/audio/,ld,,,
http://www.centerpointesc.com/series/media/you_think/audio/,ld,,,
http://www.centerpointesc.com/series/media/resurrection/audio/,ld,,,
http://www.centerpointesc.com/series/media/sightings/audio/,ld,,,
http://www.centerpointesc.com/series/media/rest/audio/,ld,,,
http://www.centerpointesc.com/series/media/taking_responsibility/audio,ld,,,
http://www.centerpointesc.com/series/media/lost/audio,ld,,,
http://www.centerpointesc.com/series/media/r_u_connected/audio,ld,,,
http://www.centerpointesc.com/series/media/who_am_i/audio/,ld,,,
http://www.centerpointesc.com/series/media/twisting_the_truth/audio,ld,,,
http://www.centerpointesc.com/series/media/here_today/audio/,ld,,,
http://www.centerpointesc.com/series/media/death_mayhem/audio,ld,,,
http://www.centerpointesc.com/series/media/flying_solo/audio/,ld,,,
http://www.centerpointesc.com/series/media/guardrails/audio,ld,,,
http://www.centerpointesc.com/series/media/dig_in/audio/,ld,,,
http://www.centerpointesc.com/series/media/birth_babyfood_bodybuilding/audio,ld,,,
http://www.centerpointesc.com/series/media/masquerade/audio,ld,,,
http://*.nikeallstar.com,ld,,,
http://www.google.com/support/calendar/,ld,,,
http://91.188.60.110,"malw,othm",,,
http://*.funglobal.net,"malw,othm",,,
http://*.going-wide.net,"malw,othm",,,
http://willhavebigdick.com,"prn,ld",,,
http://*.ghura.pl,"malw,othm",,,
http://streq.cn,"malw,othm",,,
http://portalkey.org,"spyw,othm",,,
http://f19dd4abb8b8bdf2.cn,"malw,othm",,,
http://*.wallpaper.com/,ld,,,
http://marvel.com/wallpaper/,ld,,,
http://bighugelabs.com/,ld,,,
http://*.fireworks.com/interactive/,ld,,,
http://www.macscreensavers.com/,ld,,,
http://www.glamsham.com/download,ld,,,
http://*.thescreensavers.com/,ld,,,
http://www.freestockfootage.com,ld,,,
http://www.feedbackvideo.com/,ld,,,
http://www.professionalanimations.com/,ld,,,
http://www.anistock.com/,ld,,,
http://www.wavebreakmedia.com/,ld,,,
http://*.blockbuster.com/download,ld,,,
*://*.videoblocks.com/,ld,,,
http://*.suiteimagery.com,ld,,,
http://*.topwebcomics.com,ld,,,
http://*.beartoons.com/,ld,,,
http://*.taversia.net/,ld,,,
http://*.webcomicz.com/,ld,,,
http://*.ateapple.com.ua,"malw,othm",,,
*://194.247.12.39,"malw,othm",,,
http://193.169.188.3,"malw,othm",,,
http://*.zaporizhzhe.ua,"malw,othm",,,
http://*.cz.cc,"malw,othm",,,
http://*.tvneto.com,ld,,,
http://*.websitealive.com/,ld,,,
http://*.livechatinc.com,ld,,,
http://*.englishclub.com,ld,,,
http://*.volusion.com,ld,,,
http://*.comm100.com,ld,,,
http://*.123flashchat.com/,ld,,,
http://www.usa.gov/rss/,ld,,,
http://*.boldchat.com/,ld,,,
http://*.dyndns.tv,"malw,othm",,,
http://*.dyndns-work.com,"malw,othm",,,
http://*.retailmenot.com/,ld,,,
*://*.dyndns.com,ld,,,
http://www.windowsmedia.com/radioui,ld,,,
http://video.nbcuni.com/player,ld,,,
http://www.ivillage.com/entertainment-games,ld,,,
http://91.212.127.43,"malw,othm",,,
http://85.195.104.162,"malw,othm",,,
http://feeds.mobileread.com,ld,,,
http://feeds.mediaforge.com,ld,,,
http://scoop.todayshow.com/_static/feeds/,ld,,,
http://*.qksz.net,"spyw,othm",,,
http://*.awltovhc.com,"spyw,othm",,,
http://*.lduhtrp.net,"spyw,othm",,,
https://*.addons.mozilla.org/,la,,,
http://*.speedywap.com/category/downloads,ld,,,
http://*.wallpapers-point.blogspot.com,ld,,,
https://mgmt.beta.toolbar.msn.com/,la,,,
*://*.toolbar.yahoo.com,la,,,
http://*.search.yahoo.com,la,,,
http://www.sightquest.com,ld,,,
http://www.deaddybear.com,ld,,,
http://www.freepressindex.com,ld,,,
http://www.uwar-game.com,ld,,,
http://4usoftware.com,ld,,,
http://www.cinematicwallpaper.com,ld,,,
http://myms.net,ld,,,
http://dirkster.com,ld,,,
http://www.movies-studio.com,ld,,,
http://www.oceandive.com/download.php,ld,,,
http://www.all-yours.net,ld,,,
http://livinginternet.com,ld,,,
http://eventful.com/community/*,ld,,,
http://eventful.com/users,ld,,,
http://www.netflix.com/WiPlayer,ld,,,
*://*.trialpay.com,ld,,,
http://netflix-061.vo.llnwd.net,ld,,,
http://netflix061.as.nflximg.com.edgesuite.net,ld,,,
http://agmoviecontrol.cloud.netflix.net,ld,,,
*://*.freespycheck.com,ld,,,
*://*.scanforfree.com,"malw,othm",,,
*://91.212.226.6,"malw,othm",,,
*://*.bidsystem.com,"malw,othm",,,
*://68.169.92.57,"malw,othm",,,
*://*.christianwedding.net,ld,,,
*://*.namiflow.com,"spyw,othm",,,
*://67.201.62.75,"spyw,othm",,,
*://68.169.93.243,"malw,othm",,,
*://*.constructionsoftwares.ca,ld,,,
*://*.provenpixel.com,ld,,,
*://*.towtruckssales.com,ld,,,
*://67.201.62.40,"malw,othm",,,
*://68.169.92.59,"malw,othm",,,
*://li1i16b0.com,"malw,othm",,,
*://91.212.226.5,"malw,othm",,,
http://68.169.92.36,"spyw,othm",,,
http://67.201.36.16,"spyw,othm",,,
http://68.169.92.56,"malw,othm",,,
http://64.111.212.234,"malw,othm",,,
http://94.228.209.215,"spyw,othm",,,
http://*.infomash.org,"spyw,othm",,,
http://64.210.72.94,"malw,othm",,,
http://*.egotvonline.com,ld,,,
http://*.z0g7yail0.com,"malw,othm",,,
http://*.lkckclckli1i.com,"malw,othm",,,
http://movies.msn.com/hollywood-player/games/,ld,,,
http://*.*,"malw,othm",,,
http://feed.bizzclick.com/*,ld,,,
http://*.iwfybfywi.com,"malw,othm",,,
http://*.acme-photo-screensaver-maker.com,ld,,,
http://*.twingly.com/screensaver,ld,,,
http://*.photo-slideshow-screensaver.com,ld,,,
http://*.hot-screensaver.com,ld,,,
http://*.eatpes.com/fireplace_download.html,ld,,,
http://*.staralliance.com/en/services/screensaver,ld,,,
http://*.screensaverjungle.com,ld,,,
http://*.planetdan.net/pics/misc,ld,,,
http://*.scr.sc/products/dropclock,ld,,,
http://*.economist.com/screensaver,ld,,,
http://www.wnok.com/cc-common/ondemand,ld,,,
http://*.find-all-sites.com,ld,,,
http://*.trailersandvideos.com,ld,,,
http://*.myanimalclips.com,ld,,,
http://*.wtso.net,ld,,,
http://*.crackle.com,"spyw,othm",,,
http://*.sbwkjjsk.net,"malw,othm",,,
http://*.dxsttfdt.com,"malw,othm",,,
http://*.ghkbdftj.com,"malw,othm",,,
http://*.stwdgdss.com,"malw,othm",,,
http://91.20.199.14,"malw,othm",,,
http://91.20.200.1,"malw,othm",,,
http://91.20.200.147,"malw,othm",,,
http://91.20.200.219,"malw,othm",,,
http://server-jp.imrworldwide.com/cgi-bin/b,la,,,
http://*.facebook.apps.aol.com/feed_music.php,ld,,,
http://*.bujedvwu.com,"spyw,othm",,,
http://*.xkcd.com,"spyw,othm",,,
http://*.ohnorobot.com,ld,,,
http://*.inbox.com/install,ld,,,
http://*.sportsillustrated.cnn.com/2010/extramustard/hotclicks,ld,,,
ttp://*.turner.com/si/big/video,ld,,,
http://*.greota.com,"spyw,othm",,,
http://*.mylifetime.com/video,ld,,,
http://*.mylifetime.com/watch-full-movies-online,ld,,,
http://*.bing.com/videos,ld,,,
http://*.gameplayerpro.com,ld,,,
http://*.deals.ebay.com/feeds,ld,,,
http://*.eweek.com/rss-feeds-38.xml,ld,,,
http://*.eweek.com/scripts/video/bcfeed.php,ld,,,
http://*.espn.go.com/broadband/espn360/feeds,ld,,,
http://*.momlogic.com/video/player,ld,,,
http://*.csharpdotnetfreak.blogspot.com/feeds,ld,,,
http://*.cdn.wbpp.warnerbros.com/u/essence/us/video,ld,,,
http://*.videos.essence.com/swfs/playlist.swf,ld,,,
http://*.content.usatoday.com/feed,ld,,,
http://*.media.worldnow.com/kfmbam/podcast,ld,,,
http://*.feed.mikle.com/feeds,ld,,,
*://*.feedburner.com,ld,,,
http://*.ftpcontent.worldnow.com/kfmbam/misc/Listen-STW-Player-760.html,ld,,,
http://*.digg.com,ld,,,
http://*.blogtalkradio.com,ld,,,
http://*.remove-malware.com,ld,,,
http://*.bigobans.com,ld,,,
http://*.essence.com/includes/readfeed_multi.php,ld,,,
http://*.islamicity.com/communications/screensavers,ld,,,
http://*.cowscreensavers.com,ld,,,
http://*.secondnaturecd.com,ld,,,
http://*.pure-mac.com,ld,,,
http://*.screensaverswizard.com,ld,,,
http://*.screensaver-download.com,ld,,,
http://*.screensaverswizard.com,ld,,,
http://*.clubaquatica.com,ld,,,
http://*.screenomania.com,ld,,,
http://*.hongkiat.com,ld,,,
http://*.blumentals.net/scrfactory,ld,,,
http://*.vacation.away.com/travel-gi-screensaver-gallery-index.html,ld,,,
http://*.surfnetkids.com/screensavers,ld,,,
http://*.dd2002.com,ld,,,
http://*.chandra.harvard.edu/resources/screensavers,ld,,,
http://*.macscreensavers.com,ld,,,
http://*.9031.com,ld,,,
http://*.screensaversplanet.com,ld,,,
http://*.joblo.com,ld,,,
http://*.novatree.com,ld,,,
http://*.12c4.com,ld,,,
http://*.absolutesavers.com,ld,,,
http://*.joblo.com/screensavers_index.php,ld,,,
http://*.movies.americanidol.com,ld,,,
http://*.americanidol.com/archive/videos,ld,,,
http://*.americanidol.com/downloads,ld,,,
http://*.americanidol.com/games,ld,,,
http://*.americanidol.com/videos,ld,,,
http://*.music.msn.com/video/music,ld,,,
http://*.esopotam.com,ld,,,
http://*.apolusvet.com,ld,,,
http://*.bigrradio.com,ld,,,
http://*.sexyvegnextdoor2010.peta.org,ld,,,
http://*.your-securepayment.com,"spyw,othm",,,
http://*.secure-pc-guard.in,"spyw,othm",,,
http://*.multimania.nl,"malw,othm",,,
http://*.trafdriver.com,"malw,othm",,,
http://*.save-secure.com,"spyw,othm",,,
http://*.bestpaybill.com,"spyw,othm",,,
http://*.billpayweb.com,"spyw,othm",,,
http://*.validateyouroder.com,"spyw,othm",,,
http://*.paymentsafety.net,"spyw,othm",,,
http://*.safeantivirus.net,"spyw,othm",,,
http://*.securityantivirus.net,"malw,othm",,,
http://*.downloadarchivex.com,"malw,othm",,,
http://*.currex.ru,"spyw,othm",,,
http://*.protectedsystem.in,"malw,othm",,,
http://*.schiphop.com/wp-content/uploads,ld,,,
http://*.avsystemcare.com,"malw,othm",,,
*://204.13.161.102,"spyw,othm",,,
*://211.95.73.189,"spyw,othm",,,
*://216.24.138.135,"spyw,othm",,,
http://*.websecurityexamine.com,"malw,othm",,,
http://*.checkclick-1.info,"spyw,othm",,,
http://*.best-click-go.info,"spyw,othm",,,
http://*.svinushka.net,"spyw,othm",,,
http://*.spywarestormer.com,"malw,othm",,,
http://*.securityclick.net,"spyw,othm",,,
http://*.onlinescannerav1.info,"malw,othm",,,
http://*.antivirusscan1.info,"spyw,othm",,,
http://*.greenantivirus2009.com,"malw,othm",,,
http://*.gomyhit.com,"malw,othm",,,
http://*.virusscanneronline.info,"malw,othm",,,
http://*.clicksor.com,"spyw,othm",,,
http://*.click-my-scanner.info,"malw,othm",,,
http://*.best-click-scanner.info,"malw,othm",,,
http://*.antivirusxppro.com,"spyw,othm",,,
http://*.anti-virusnumber1.com,"spyw,othm",,,
http://*.spywareprotect2009.com,"spyw,othm",,,
http://*.spywareguardpro.com,"spyw,othm",,,
http://*.winpcdefender.net,"spyw,othm",,,
http://*.antivirusxppro2009.com,"malw,othm",,,
http://*.antivirus2010.com,"malw,othm",,,
http://*.virusschlacht.com,"malw,othm",,,
http://*.virusremover2008flash.com,"malw,othm",,,
http://*.advanced-virusremover2010.com,"malw,othm",,,
http://*.utilitydirect.schooldude.com,la,,,
*://www.schooldude.com,la,,,
http://*.schooldude.com,la,,,
http://*.amazonaws.com/americantheatrewing.org,ld,,,
http://*.americantheatrewing.org/media/downstage/mp3,ld,,,
http://119.42.225.250,"malw,othm",,,
http://121.12.116.32,"malw,othm",,,
http://119.42.225.184,"malw,othm",,,
http://174.139.5.69,"malw,othm",,,
http://*.online-counter.cn,"malw,othm",,,
http://*.beyonceworld.net,"malw,othm",,,
http://*.marinetimemac.com,"malw,othm",,,
http://*.nine2rack.in,"malw,othm",,,
http://*.searchalligator.com,"viru,worm,othm",,,
http://*.checkip.dyndns.org,ld,,,
http://221.7.91.31,"malw,othm",,,
http://*.whatsmyipaddress.com,"malw,othm",,,
http://*.whatismyip.org,"malw,othm",,,
http://91.198.22.70,"malw,othm",,,
http://*.getmyip.co.uk,"malw,othm",,,
http://*.getmyip.org,"malw,othm",,,
http://*.13wmaz.com/life/arcade,ld,,,
http://*.reba.com/media/audio/music,ld,,,
http://*.nascar.com/feeds,ld,,,
*://*.youtube.com,l1,,,
http://*.ariesautomotive.com/girls_of_aries_gallery/index.html,ld,,,
http://*.smilebox.com/download/smilebox/SmileboxInstaller.exe,ld,,,
http://*.smilebox.com/downloadInstructions.html,ld,,,
http://*.gospelmusicbites.com/wp-content/plugins/shutter-reloaded,ld,,,
http://*.gospelmusicbites.com/wp-content/music,ld,,,
http://*.usershare.net,ld,,,
http://*.lasvegasweekly.com/videos,ld,,,
http://*.buzzle.com/cards.asp,ld,,,
http://*.information.com,ld,,,
http://*.people.com/people/static/i/video/homepageplayer,ld,,,
http://*.liquidcompass.net,ld,,,
http://*.den-a.plr.liquidcompass.net,ld,,,
http://*.picjoke.com,ld,,,
http://*.tinker.com/fashionweek/player,ld,,,
http://*.glam.com/videos,ld,,,
http://*.wlty.com/cc-common/ondemand/player.html,ld,,,
http://*.tunegenie.com,ld,,,
http://*.exodus.org,ld,,,
http://*.sportsillustrated.cnn.com/multimedia/photo_gallery,ld,,,
http://*.ringsurf.com,ld,,,
http://*.radaronline.com/videos,ld,,,
http://*.counton2.com/cbd/entertainment/games,ld,,,
http://*.projecttimes.com,la,,,
http://*.1065.com/cc-common/ondemand,ld,,,
http://*.1065.com/cc-common/gallery,ld,,,
http://*.1065.com/pages/thong_otd.html,ld,,,
http://*.1065.com/cc-common/babes,ld,,,
http://208.43.240.248/proxytest,ld,,,
http://*.localendar.com,ld,,,
http://*.track10.com/site/download_podcast.php,ld,,,
http://*.track10.com/site/play_track10_weekly.php,ld,,,
http://*.foliono.com,ld,,,
http://*.twitturly.com,ld,,,
http://*.twitterfall.com,ld,,,
http://*.easywebvideo.com,ld,,,
http://*.freedigitalphotos.net,ld,,,
http://*.dynamic.firehouse.com/broadcast,ld,,,
https://*.feedburner.google.com,ld,,,
http://*.hiphop-elements.com/video/play,ld,,,
http://*.feedburner.com,ld,,,
http://*.blip.tv/scripts/flash,ld,,,
http://*.blip.tv/rss,ld,,,
http://*.snotr.com,ld,,,
http://*.5min.com,ld,,,
http://*.badcontrol.com,ld,,,
http://*.video.rr.com,ld,,,
http://*.video.flashtalking.com,ld,,,
http://*.flashtalking.com,ld,,,
http://*.campaigns.outerinfonetwork.com,ld,,,
http://159.226.7.162,"spyw,othm",,,
http://*.musicremedy.com/musicaudio,ld,,,
http://*.musicremedy.com/audio,ld,,,
http://*.aceshowbiz.com/video,ld,,,
http://*.nm.ru,"malw,othm",,,
http://68.142.101.207,"spyw,othm",,,
http://*.showhype.com/video,ld,,,
http://*.jazminesullivanmusic.com/us/videos,ld,,,
http://*.singersroom.com/media,ld,,,
http://*.singersroom.com/video,ld,,,
http://*.myplay.com/audio_player,ld,,,
http://*.marveldirectory.com,ld,,,
http://*.marvel.jouwpagina.nl,ld,,,
http://*.samruby.com,ld,,,
http://*.xrayvision.today.com,ld,,,
http://*.ultimatedeadpool.com,ld,,,
http://*.comicbookmovie.com,ld,,,
http://*.feeds.people.com,ld,,,
http://216.155.132.166/audio,ld,,,
http://*.xspf.org,ld,,,
http://*.cominatchadistribution.com/player,ld,,,
http://*.gospelcity.com/js/jsplayer,ld,,,
http://216.46.10.43/audio,ld,,,
http://*.rssfeeds.usatoday.com,ld,,,
http://*.rss.news.yahoo.com,ld,,,
http://*.pro-scan-antivir-free.com,ld,,,
http://*.gospelcity.com/js/video,ld,,,
http://*.audio.cdbaby.com,ld,,,
http://*.cleanjokes4u.com,ld,,,
http://*.top-10-date-sites.com,ld,,,
http://*.fatmp3download.com,ld,,,
http://*.tweetdeck.com,ld,,,
http://*.sales.liveperson.net,la,,,
http://sales.liveperson.net/hc/3815120,la,,,
http://*.wnok.com/cc-common/rateapic/Huggly_or_Fuggly.html,ld,,,
http://*.wnok.com/cc-common/otd_pages/Hunks_NEW_otd.html,ld,,,
http://*.wnok.com/cc-common/babes,ld,,,
http://*.novazonecomics.com,ld,,,
http://*.keepittrill.com/videos,ld,,,
http://*.yourpornrate.org,ld,,,
http://*.insecure.org,la,,,
http://*.cbssports.com/partners/feeds,ld,,,
http://*.cbsnews.com/feedfiles,ld,,,
http://*.glitter-graphics.net,ld,,,
http://*.sky.fm,ld,,,
http://*.google.com/ig/modules/youtube_igoogle,ld,,,
http://*.funnyanimalpictures.net,ld,,,
http://*.funnyjoke.wordpress.com,ld,,,
http://*.jokes.com.au,ld,,,
http://*.try.alottoolbars.com,ld,,,
http://*.allfunnyclips.com,ld,,,
http://*.video.dainutekstai.lt,ld,,,
http://*.aol.com/feedProxy,ld,,,
http://*.stableclick.com,"malw,othm",,,
http://*.updatemicr0s0ft.net,"malw,othm",,,
http://*.update.microsofttransfer.com,"malw,othm",,,
http://*.fulldotfind.com,ld,,,
http://*.freehostportal.com,ld,,,
http://*.edotfind.com,ld,,,
http://*.vh1.com/photos/gallery,ld,,,
http://*.starmagazine.com/video,ld,,,
http://*.eonline.com/static/videoplayer,ld,,,
http://*.feeds.usmagazine.com/celebrity_news/rss,ld,,,
http://*.usmagazine.com/video,ld,,,
http://*.thenewsroom.com/mash/swf/player3,ld,,,
http://*.b937online.com/javascript/play_window.js,ld,,,
http://*.b937online.com/pages/1643106.php,ld,,,
http://*.charlottesbeat.com/cc-common/vv,ld,,,
http://*.charlottesbeat.com/cc-common/sudoku,ld,,,
http://*.charlottesbeat.com/cc-common/podcast.html,ld,,,
http://*.charlottesbeat.com/cc-common/videos_on_demand,ld,,,
http://*.charlottesbeat.com/cc-common/ondemand,ld,,,
http://*.voicethread.com,ld,,,
http://*.teachertube.com,ld,,,
http://*.buzzfeed.com,ld,,,
http://*.celebritywonder.com/games,ld,,,
http://*.celebritywonder.com/html,ld,,,
http://*.celebritywonder.com/v/html,ld,,,
http://*.celebritywonder.com/wallpaper,ld,,,
http://*.faniq.com,ld,,,
http://*.bumpshack.com,ld,,,
http://*.pack.google.com,swd,,,
http://*.wcosfm.com/new2/featured,ld,,,
http://*.channel955.com/cc-common/ondemand,ld,,,
http://*.kiisfm.com/cc-common/ondemand,ld,,,
http://*.iheartmusic.com/cc-common/ondemand,l5,,,
http://*.eonline.com/everywhere/podcasts,ld,,,
http://*.eonline.com/everywhere/rss,ld,,,
http://*.eonline.com/videos,ld,,,
http://*.overstream.net,ld,,,
http://*.nba.com/rss,ld,,,
http://*.zytu.com,ld,,,
http://*.ew.com/ew/video/ausiello_tv,ld,,,
http://*.ew.com/ew/js/home/partnerfeeds,ld,,,
http://*.nowpublic.com/rss.xml,ld,,,
http://*.myheritage.com/FP/Library/NewsFeed,ld,,,
http://*.thebedroom.net.au/gallery.html,ld,,,
http://*.desiclub.com/calendar,ld,,,
http://*.z.about.com/d/tattoo,ld,,,
http://*.bambooshootdesign.com,ld,,,
http://*.tattoos-of-girls.blogspot.com,ld,,,
http://*.feedblitz.com,ld,,,
http://*.cbsradionewsfeed.com/RemotePlayer,ld,,,
http://*.mixmatters.com/adsss/www,ld,,,
http://*.mixmatters.com/hot,ld,,,
http://*.mixmatters.com/video,ld,,,
http://*.about-search.aol.com/feed,ld,,,
http://*.feed.validclick.com,ld,,,
http://*.google.com/calendar/feeds,ld,,,
http://*.newsrss.bbc.co.uk/rss,ld,,,
http://*.aolcdn.com/feedgallery,ld,,,
http://*.timepolls.com/feeds,ld,,,
http://*.google.com/uds/Gfeeds,ld,,,
http://*.rss.people.com,ld,,,
http://*.people.com/people/static/json,ld,,,
http://*.people.com/people/web/rss,ld,,,
http://*.rusrep.ru,ld,,,
http://*.viddyho.com,"malw,othm",,,
http://*.skyglobe.ru/news/photo/view,ld,,,
http://*.icue.com,ld,,,
http://*.mtv.com/videos,ld,,,
http://*.divx.com,ld,,,
http://*.movies.apple.com/trailers,ld,,,
http://*.codecs.com,ld,,,
http://*.moviecodec.com,ld,,,
http://*.cooltattoodesign.com,ld,,,
http://*.grindtv.com,ld,,,
http://*.ah.pricegrabber.com/export_feeds.php,ld,,,
http://*.feeds.creditcards.com,ld,,,
http://*.microsoft.com/feeds,ld,,,
http://*.asterpix.com,ld,,,
http://*.df.gasbuddy.com,ld,,,
http://*.feeds.snagfilms.com,ld,,,
http://*.apple.com/home/feeds,ld,,,
http://*.bubbleshare.com,ld,,,
http://*.music.mormontimes.com/rss,ld,,,
http://*.objects.klove.com/rss,ld,,,
http://*.klove.com/interact/podcastrss.aspx,ld,,,
http://*.klove.com/listen,ld,,,
http://*.podcast-player.com,ld,,,
http://*.media.mtvnservices.com/global/apps/player,ld,,,
http://*.cmt.com/sitewide/apps/player,ld,,,
http://*.bbc.co.uk/iplayer,ld,,,
http://*.bbc.co.uk/mediaselector,ld,,,
http://*.bbc.co.uk/radio,ld,,,
http://*.dating.telegraph.co.uk,ld,,,
http://*.clueduppuzzles.telegraph.co.uk,ld,,,
http://*.win-touch.com,"malw,othm",,,
http://*.zief.pl,"prn,malw,othm",,,
http://*.ircgalaxy.pl,"prn,malw,othm",,,
http://*.ryanseacrest.com/video,ld,,,
http://*.ryanseacrest.com/content/audio,ld,,,
http://*.ryanseacrest.com/audio,ld,,,
http://*.yaah.org,ld,,,
http://*.dota-board.com,ld,,,
http://*.sogou.com,"spyw,othm",,,
http://*.sohu.com,"spyw,othm",,,
http://*.vista123.com,"spyw,othm",,,
http://*.xinhuanet.com,"spyw,othm",,,
http://*.zol.com.cn,"spyw,othm",,,
http://*.qq.com,"malw,othm",,,
http://*.soso.com,"malw,othm",,,
http://*.shareknowledges.com,ld,,,
http://*.cdn.turner.com/cnn/big/podcasts,ld,,,
http://*.veryfunnyads.com,ld,,,
http://*.countryclipart.com,ld,,,
http://*.faithclipart.com,ld,,,
http://*.clipart-graphics.net,ld,,,
http://*.allclipartsite.com,ld,,,
http://*.halloween-clipart.com,ld,,,
http://*.321clipart.com,ld,,,
http://*.clipart.disneysites.com,ld,,,
http://*.openclipart.org,ld,,,
http://*.free-graphics.com,ld,,,
http://*.1clipart.com,ld,,,
http://*.dir.yahoo.com/Computers_and_Internet/Graphics/Clip_Art,ld,,,
http://*.teacherfiles.com/clip_art.htm,ld,,,
http://*.clip-art.kaboose.com,ld,,,
http://*.clipartcastle.com,ld,,,
http://*.school.discoveryeducation.com/clipart,ld,,,
http://*.awesomeclipartforeducators.com,ld,,,
http://*.royalty-free-stock-images.com,ld,,,
http://*.clip-art.com,ld,,,
http://*.animationfactory.com,ld,,,
http://*.my.aol.com/feedproxy,ld,,,
http://*.kovideo.net/content/rss,ld,,,
http://*.feeds.news.aol.com,ld,,,
http://*.noranka.com,ld,,,
http://*.cmt.com/sitewide/apps/mediaplayer,ld,,,
http://*.cmt.com/video,ld,,,
http://*.newsgator.com,ld,,,
http://www.labnol.org/software/tutorials/docx-reader-open-docx-files-internet-explorer/2637,la,,,
http://*.cnn.com/audio/radio/winmedia.html,ld,,,
http://*.spongecell.com,ld,,,
http://*.feeds.my.aol.com,ld,,,
http://*.dailymail.co.uk/coffeebreak,ld,,,
http://*.feeds.aol.com,ld,,,
http://*.itsjustlunchcolumbia.com,ld,,,
http://*.eurweb.com/dailies.cfm,ld,,,
http://*.platypuscomix.net,ld,,,
http://*.iheartradio.com,l5,,,
http://*.thelosttrailers.com/scripts/phpObject/Gateway.php,ld,,,
http://*.mlb.com/components/mediaplayer,ld,,,
http://*.mlb.com/scripts/mediaplayer,ld,,,
http://*.puretracks.com/mediaplayer/trackpreview.aspx,ld,,,
http://*.zytu.org,ld,,,
http://*.odyssey.ie,ld,,,
http://*.washingtonpost.com/wp-dyn/content/artsandliving/crosswords,ld,,,
http://*.crowdgather.com,ld,,,
"http://*.chicagotribune.com/features/chi-funandgames-front,0,1193683.htmlpage",ld,,,
http://*.entertainment.timesonline.co.uk/tol/arts_and_entertainment/games_and_puzzles,ld,,,
http://*.sodahead.com,ld,,,
http://*.crosscards.com/wallpaper.aspx,ld,,,
http://*.freesantavideo.com,ld,,,
http://*.brownielocks.com/nothingforchristmas.html,ld,,,
http://*.brownielocks.com/christmasbingo.html,ld,,,
http://*.brownielocks.com/ChristmasJokes.html,ld,,,
http://*.brownielocks.com/christmassymbols.html,ld,,,
http://*.brownielocks.com/ChristmasCarolMatchGame.html,ld,,,
http://*.brownielocks.com/ChristmasCarolsCrypticQuiz.html,ld,,,
http://*.brownielocks.com/ChristmasCarolPictureQuiz.html,ld,,,
http://*.brownielocks.com/christmascaroltrivia.html,ld,,,
http://*.brownielocks.com/christmastriviafun.html,ld,,,
http://*.brownielocks.com/xmastrivia.html,ld,,,
http://*.brownielocks.com/Quiz.html,ld,,,
http://*.squidom.com/Music,ld,,,
http://*.squidom.com/Humor,ld,,,
http://*.uttertrivia.com,ld,,,
http://*.funtrivia.com,ld,,,
http://*.my.batanga.com,ld,,,
http://*.batanga.com/es/list,ld,,,
http://*.radio.batanga.com,ld,,,
http://*.thebigshow.com/video_day,ld,,,
http://*.digitalcity.com/feeds,ld,,,
http://*.digitalcity.com/rss_feeds,ld,,,
http://*.o.aolcdn.com/feedgallery,ld,,,
http://*.leebrice.com/music/flash,ld,,,
http://*.mdmgames.net/nissanff/gameurls.txt,ld,,,
http://*.mdmgames.net/nissanff/flash/nissanff/drivinggame.swf,ld,,,
http://*.prefixmag.com/media,ld,,,
http://70.38.25.62,ld,,,
http://*.twisterclick.com,ld,,,
http://*.toolklick.com,ld,,,
http://*.klickup.com,ld,,,
http://*.download.live.com/messenger,ld,,,
http://*.im.live.com/Messenger/im/Join,ld,,,
*://www.videodetective.net,ld,,,
http://*.bestvideocodes.com,ld,,,
http://*.wezl.com/cc-common/mediaplayer,ld,,,
http://*.wezl.com/cc-common/trivia/celebrity.html,ld,,,
http://*.wezl.com/cc-common/podcast.html,ld,,,
http://*.wezl.com/cc-common/ondemand,ld,,,
http://*.wezl.com/cc-common/wss/universalplayer.php,ld,,,
http://*.wezl.com/cc-comm/universal_player,ld,,,
http://*.wezl.com/cc-common/sudoku,ld,,,
http://*.wezl.com/cc-common/games,ld,,,
http://*.wezl.com/cc-common/common-nyc/games,ld,,,
http://*.wezl.com/cc-common/vv,ld,,,
http://*.wezl.com/pages/mustseevideo.html,ld,,,
*://*.netflame.cc,ld,,,
http://*.mp3suite.com,ld,,,
http://*.members.letssingit.com,ld,,,
http://*.theradio.com,ld,,,
http://*.*,ld,,,
http://*.meetblackpeople.com,ld,,,
http://*.104allhitsradio.com,ld,,,
http://*.ratethemusic.com,ld,,,
http://*.photocrank.com,ld,,,
http://1.2.3.0,ld,,,
http://*.magictweak.com,ld,,,
http://*.aetv.com/*/video,ld,,,
http://*.aetv.com/videos,ld,,,
http://*.charleston.net/news/preview/timewasters,ld,,,
http://*.sportsalarm.com/images/girls,ld,,,
http://*.sportsalarm.com/models,ld,,,
http://*.mlb.mlb.com/media/video.jsp,ld,,,
http://*.time.com/time/podcasts,ld,,,
http://*.foxnews.com/podcasts,ld,,,
http://*.feeds.foxnews.com,ld,,,
http://*.foxnews.com/rss,ld,,,
http://*.turner.com/cnn/video/podcasts,ld,,,
http://*.hiphopgalaxy.com/-Hip-Hop-MP3-.html,ld,,,
http://*.hiphopgalaxy.com/-Hip-Hop-Videos-.html,ld,,,
http://*.foundshit.com,ld,,,
http://*.people.com/people/videos,ld,,,
http://*.people.com/people/js/podcast,ld,,,
http://*.wbbm780.com/pages/podcast,ld,,,
http://*.wbbm780.com/WBBM-AM-Videos,ld,,,
http://*.turner.com/ireport/static/feeds,ld,,,
http://*.msn.com/Feeds/RSS,ld,,,
http://*.msn.com/xml/articles/rss,ld,,,
http://*.msn.com/rss,ld,,,
http://*.google.com/reader/api/0/stream/contents/feed,ld,,,
http://*.movies.msn.com/rss,ld,,,
http://*.feed.untd.com,ld,,,
http://*.feeds.dealtaker.com,ld,,,
http://*.rssfeeds.s3.amazonaws.com/goldbox,ld,,,
http://*.music.defjam.com,ld,,,
http://*.defjam.com/site/firstplay,ld,,,
http://*.defjam.com/site/audiovideo.php,ld,,,
http://*.go.com/games,ld,,,
http://*.family.go.com/entertainment/pkg-games,ld,,,
http://*.imageenvision.com,ld,,,
http://*.dreamstime.com,ld,,,
http://*.soundclick.com,ld,,,
https://*.jabbify.com,ld,,,
http://*.kyte.tv,ld,,,
http://*.rss.cnn.com,ld,,,
http://*.ilike.com,ld,,,
http://*.trekzone-de.info,ld,,,
http://*.clipmarks.com,ld,,,
http://*.poopsenders.com,ld,,,
http://*.mail.google.com/videochat,ld,,,
http://*.adxdnet.net,ld,,,
http://*.athena.cx,ld,,,
http://*.bravenewfilms.org/videos,ld,,,
http://www.disney.com,la,,,
http://*.freep.com/includes/feeds,ld,,,
http://*.feeds.lancasteronline.com,ld,,,
http://*.uptoten.com,ld,,,
http://*.kidsgames.org,ld,,,
http://*.thestate.com/comics,ld,,,
http://*.dictionary.reference.com/fun/wordsearch,ld,,,
http://*.thestate.com/images/games,ld,,,
http://*.dictionary.reference.com/fun/crossword,ld,,,
http://*.cloudshout.com,ld,,,
http://*.home.knology.net/games_channel,ld,,,
http://*.personalityquiz.net,ld,,,
http://*.pxspot.com,ld,,,
http://*.acetj.com/videos,ld,,,
http://*.battleknight.us,ld,,,
http://*.battleknight.com,ld,,,
http://*.bloomberg.com/audioplayer,ld,,,
http://*.bloomberg.com/tvradio,ld,,,
http://*.washfm.com/cc-common/hdradio,ld,,,
http://*.washfm.com/cc-common/podcast.html,ld,,,
http://*.washfm.com/cc-common/videos_on_demand,ld,,,
http://*.washfm.com/cc-common/ondemand,ld,,,
http://*.sports.espn.go.com/espnradio/podcast/feeds,ld,,,
http://*.wtqr.com/cc-common/news/videos,ld,,,
http://*.wtqr.com/cc-common/artist_submission/player.html,ld,,,
http://*.wtqr.com/cc-common/new/6/player.html,ld,,,
http://*.wtqr.com/cc-common/videos_on_demand,ld,,,
http://*.wtqr.com/cc-common/universal_player,ld,,,
http://*.wtqr.com/cc-common/ondemand,ld,,,
http://*.boshuda.com/society/people,ld,,,
http://*.msn.com/rss/games.aspx,ld,,,
http://216.77.188.54,ld,,,
http://*.filedownload.att.net,ld,,,
http://*.games.att.net,ld,,,
http://*.img.att.net/cobrand/bellsouth/img/games,ld,,,
http://*.my.att.net/cobrand/bellsouth/img/games,ld,,,
http://*.my.att.net/cobrand/bellsouth/img/chat,ld,,,
http://*.charleston.net/games,ld,,,
http://*.wjno.com/cc-common/news/videos,ld,,,
http://*.rock103.com/pages/crew/twisted,ld,,,
http://*.30000tunes.com/playerLC,ld,,,
http://*.acetj.com/listen,ld,,,
http://*.podcast.acetj.com,ld,,,
http://*.newwmpupdate.com,ld,,,
http://*.mykazaagold.com,ld,,,
http://65.87.141.26,ld,,,
http://*.blogger.com,ld,,,
http://*.new-porntube-2008.net,"prn,ld",,,
http://*.hqporntubex.com,"prn,ld",,,
http://eqcomics.com,ld,,,
http://*.fankmedia.com,ld,,,
http://*.videotonita.com,ld,,,
http://*.1073jamz.com/av/index.html,ld,,,
http://*.1073jamz.com/video,ld,,,
http://*.tucanaltv.com,ld,,,
http://*.wbbq.com/cc-common/new/6/player.html,ld,,,
http://*.wbbq.com/cc-common/videos_on_demand,ld,,,
http://*.wbbq.com/cc-common/ondemand,ld,,,
http://*.wbbq.com/cc-common/universal_player,ld,,,
http://*.lala.com,ld,,,
http://*.recover-lost-passwords.com,ld,,,
http://*.cgweb.co.uk,ld,,,
http://*.dot101live.com,ld,,,
http://*.squidoo.com,ld,,,
http://*.radiostations.com,ld,,,
http://*.rss.msnbc.msn.com,ld,,,
http://*.slacker.com,ld,,,
http://*.ourstage.com,ld,,,
http://*.shoutcast.com,ld,,,
http://*.music.aol.com/top11,ld,,,
http://*.aolcdn.com/radioguide,ld,,,
http://*.music.aol.com/radioguide,ld,,,
http://*.play.it,ld,,,
http://71.81.23.15,ld,,,
http://*.openoffice.org,ld,,,
http://*.wcosfm.com/cc-common/ondemand/stripped.html,ld,,,
http://*.wcosfm.com/cc-common/ondemand/player.html,ld,,,
http://*.iheartmusic.com/cc-common/new/6/player.html,l5,,,
http://*.iheartmusic.com/national_radio_tuner,l5,,,
http://*.wcosfm.com/cc-common/new/6/player.html,ld,,,
http://*.sirius.com/sirius/servlet,ld,,,
http://*.sirius.com/mp/scripts/mediaplayer_login.js,ld,,,
http://*.sirius.com/mp/i/login/mediaplayer.jpg,ld,,,
http://*.sirius.com/mp/styles/player.css,ld,,,
http://*.sirius.com/siriusinternetradio,ld,,,
http://*.wltx.com/life/games,ld,,,
http://*.feeds.eonline.com,ld,,,
http://*.cyriak.co.uk,ld,,,
http://*.wmybstar92.net/pages/344382.php,ld,,,
http://*.wmybstar92.net/pages/344379.php,ld,,,
http://*.wmybstar92.net/pages/344364.php,ld,,,
http://*.wmybstar92.net/pages/344355.php,ld,,,
http://*.wmybstar92.net/pages/344375.php,ld,,,
http://*.wmybstar92.net/pages/344370.php,ld,,,
http://*.abacast.com,ld,,,
http://*.wnok.com/cc-common/news/videos,ld,,,
http://*.wnok.com/cc-common/wss,ld,,,
http://*.wnok.com/cc-common/new/6,ld,,,
http://*.wcosfm.com/cc-common/sudoku,ld,,,
http://*.wcosfm.com/cc-common/vv,ld,,,
http://*.975wcos.com/cc-common/ondemand,ld,,,
http://*.975wcos.com/cc-common/universal_player,ld,,,
http://*.wnok.com/cc-common/games,ld,,,
http://ad.doubleclick.net/adi/swht/welcome;pos=0;pth=;kw=;gci=;tax=;clu=NONE;adg=;sz=640x480;dcopt=;ptile=1;iid=;iin=;rci=;nl=;ses=;track=;ord=85542650?,la,,,
http://*.feedburner.com,ld,,,
http://*.music.aol.com/artist/rss,ld,,,
http://*.video.search.yahoo.com/video,ld,,,
http://*.fasttvdownloads.com,ld,,,
http://*.music.msn.com/music/listeningbooth,ld,,,
http://*.music.msn.com/music/videos,ld,,,
http://*.audioacrobat.com,ld,,,
http://*.disqus.com,ld,,,
http://*.feeds.computerworld.com,ld,,,
http://*.christian-best-music-videos.org,ld,,,
http://*.buddytv.com,ld,,,
http://*.feedroom.com,ld,,,
http://64.95.53.21/etvlive,ld,,,
http://*.nx1.crwfiags.com,ld,,,
http://*.killeratv.com/videos,ld,,,
http://*.fborfw.com,ld,,,
http://*.zune.net,ld,,,
http://*.donnieradio.com/Donnieshow.wma,ld,,,
http://*.delicious.com,ld,,,
http://*.pdl.stream.aol.com,ld,,,
http://*.chuckwicks.com/scripts/phpObject/Gateway.php,ld,,,
http://*.chuckwicks.com/content/jukebox.php,ld,,,
http://*.chuckwicks.com/fws/mp3_player/clear_list_player.swf,ld,,,
http://*.goldenreader.com,ld,,,
http://*.bestaudiobookwebsite.com/free.html,ld,,,
http://*.defsounds.com/singles,ld,,,
http://*.defsounds.com/categories/videos,ld,,,
http://*.feedproxy.google.com,ld,,,
http://*.feeds.wordpress.com,ld,,,
http://*.spacewallpapers.net,ld,,,
http://*.sydney-australia.biz/desktops,ld,,,
http://*.fantasyartdesign.com,ld,,,
http://*.museumoflove.org,ld,,,
http://*.vanderweb.com,ld,,,
http://*.thefreesite.com,ld,,,
http://*.thegardenhelper.com/screensavers.html,ld,,,
http://*.free-search.com,ld,,,
http://*.free-screen-savers.to,ld,,,
http://*.desktop-candy.com,ld,,,
http://*.5starshare.com,ld,,,
http://*.b.casalemedia.com,ld,,,
http://*.softpedia.ro,swd,,,
http://*.software.ivertech.com,ld,,,
http://*.bluemountain.com/downloads,ld,,,
http://*.altixsoft.com,ld,,,
http://*.3daquariumscreensavers.com,ld,,,
http://*.clubaquatica.com/download.htm,ld,,,
http://*.netexecutive.net,ld,,,
http://away.com/travel_photo_gallery,ld,,,
http://*.away.com/wallpaper,ld,,,
http://*.stoik.com,ld,,,
http://*.staralliance.com/en/travellers/tools_services/screensaver.html,ld,,,
http://*.rixane.com,ld,,,
http://*.axialis.com/ssp,ld,,,
http://*.screensavers.tierranet.com,ld,,,
http://*.away.com/screensaver,ld,,,
http://*.elvis.com/screensaver,ld,,,
http://*.fourmilab.ch/earthscr,ld,,,
http://*.screensaver.msn.com,ld,,,
http://*.gospeltube.com/flvplayer.swf,ld,,,
http://*.gospeltube.com/flvideo,ld,,,
http://*.nfl.com/videos,ld,,,
http://*.love-my-oldies.freehomepage.com/music,ld,,,
http://*.real.com/dmm/superpass,ld,,,
http://*.2005.wnok.com/cc-common/vv,ld,,,
http://*.943wsc.com/cc-common/universal_player,ld,,,
http://*.steve-fm.com/cc-common/stripped,ld,,,
http://*.steve-fm.com/cc-common/otd_pages/Hunks_NEW_otd.html,ld,,,
http://*.steve-fm.com/cc-common/vv,ld,,,
http://*.wnok.com/cc-common/mediaplayer,ld,,,
http://*.allieiswired.com/wp-content/plugins/audio-player,ld,,,
http://*.yardflex.com/archives,ld,,,
http://*.ballerstatus.com/article/video,ld,,,
http://*.steve-fm.com/cc-common/ondemand,ld,,,
http://*.wjno.com/cc-common/vv,ld,,,
http://*.wjno.com/cc-common/ondemand,ld,,,
http://*.kovideo.net/view/beauties,ld,,,
http://*.kovideo.net/music/video,ld,,,
http://*.thegoalcup.com/CleverTV/en/goal/en/15726,ld,,,
http://*.bet.com/Music/NewMusic/Listen+Up,ld,,,
http://*.theybf.com/chatroom,ld,,,
http://*.vh1.com/vspot,ld,,,
http://*.mma-core.com/videos,ld,,,
http://*.marvel.com/movietrailer,ld,,,
http://*.marvelonline.com/wallpaper,ld,,,
http://*.marvelonline.com/videos,ld,,,
http://*.marvel.com/videos,ld,,,
http://*.marvelkids.marvel.com/wallpaper,ld,,,
http://*.marvelkids.marvel.com/games,ld,,,
http://*.wjno.com/cc-common/universal_player,ld,,,
http://*.wnok.com/cc-common/stripped/test,ld,,,
http://*.cmt.com/music/radio,ld,,,
http://*.netlibrary.com/Centers/AudiobookCenter,ld,,,
http://*.kzzp.com/iplaylist,ld,,,
http://*.kzzp.com/cc-common/new,ld,,,
http://*.kzzp.com/cc-common/videos_on_demand,ld,,,
http://*.kzzp.com/cc-common/mfeatures,ld,,,
http://*.q1045.com/cc-common/videos_on_demand,ld,,,
http://*.galttech.com/ssheaven.shtml,ld,,,
http://*.galttech.com/wallpaper.shtml,ld,,,
http://*.fannation.com/users,ld,,,
http://*.wvoc.com/cc-common/vv,ld,,,
http://*.wvoc.com/cc-common/ondemand/player.html?world-st,ld,,,
http://*.wvoc.com/cc-common/videos_on_demand,ld,,,
http://*.wcosfm.com/cc-common/stripped,ld,,,
http://*.player.cdn.targetspot.com/station/FOXNIN,ld,,,
http://*.jillscott.com/player/tunes,ld,,,
http://*.fox.com/fod,ld,,,
http://*.cbs.com/innertube,ld,,,
http://*.skycast.com/video,ld,,,
http://*.affiliates.foxnewsradio.com/Radio,ld,,,
http://*.members.boston.com/reg,ld,,,
http://*.mtv.com/player/embed,ld,,,
http://*.music.aol.com/video-hub,ld,,,
http://*.freshflixx.com/channel/sohh-tv,ld,,,
http://*.power107.net/cc-common/videos_on_demand,ld,,,
http://*.msn.foxsports.com/video,ld,,,
http://*.barrelhorses.com/video,ld,,,
http://*.sonybmgmusic.co.uk/videos,ld,,,
http://*.worldgolf.com/video,ld,,,
http://*.blackvibes.com/features/av,ld,,,
ttp://*.daveramsey.com/radio/home,ld,,,
http://*.bet.com/Music/Videos,ld,,,
http://www.bet.com/NR/exeres,ld,,,
http://*.wsslfm.com/cc-common/videos_on_demand,ld,,,
http://*.ncaasports.com/mmod,ld,,,
http://*.1047kissfm.com/cc-common/mfeatures,ld,,,
http://*.967stevefm.com/cc-common/videos_on_demand,ld,,,
http://*.967stevefm.com/cc-common/mfeatures,ld,,,
http://*.967stevefm.com/cc-common/streaming_new,ld,,,
http://*.npr.org/player,ld,,,
http://*.npr.org/music,ld,,,
http://*.myplay.com/videos,ld,,,
http://*.search.live.com/video,ld,,,
http://*.wcosfm.com/cc-common/videos_on_demand,ld,,,
http://*.amazon.com/gp/dmusic,ld,,,
http://*.wlty.com/cc-common/vv,ld,,,
http://*.radiobigboy.com/tv,ld,,,
http://*.wxbt.com/cc-common/vv,ld,,,
http://*.wxbt.com/cc-common/stripped,ld,,,
http://*.wxbt.com/cc-common/mfeatures,ld,,,
http://*.wxbt.com/cc-common/videos_on_demand,ld,,,
http://*.wxbt.com/cc-common/new,ld,,,
http://*.wlyt.com/cc-common/streamin_new,ld,,,
http://*.wlyt.com/iplaylist,ld,,,
http://*.wlyt.com/cc-common/videos_on_demand,ld,,,
http://*.wsslfm.com/cc-common/stripped/test,ld,,,
http://*.movieweb.com/videos,ld,,,
http://*.scifi.com/video,ld,,,
http://*.wcos1400.com/cc-common/stripped,ld,,,
http://*.1400theteam.com/cc-common/videos_on_demand,ld,,,
http://*.video.scifi.com/services,ld,,,
http://*.video.scifi.com/player,ld,,,
http://208.106.212.19/listen,ld,,,
*://www.google.com/talk,ld,,,
http://*.vh1.com/music,ld,,,
http://*.vh1.com/video,ld,,,
http://*.1073jamz.com/includes/nowplaying,ld,,,
http://*.geffen.com/artist/player,ld,,,
http://*.mtv.com/music/video,ld,,,
http://video.uefa.com/video,ld,,,
http://*.wlty.com/cc-common/mfeatures,ld,,,
http://*.music.aol.com/song/player,ld,,,
http://*.wnok.com/iplaylist/nowplaying,ld,,,
http://*.wnok.com/cc-common/videos_on_demand,ld,,,
http://*.dualscreenwallpaper.com,ld,,,
http://*.theboombox.com,ld,,,
http://*.widgetserver.com,ld,,,
http://*.whos.amung.us,ld,,,
http://*.wnok.com/cc-common/video6pack,ld,,,
http://*.tv.yahoo.com/videos,ld,,,
http://*.xmradio.com/xstream,ld,,,
http://*.1400theteam.com/cc-common/streaming_new,ld,,,
http://*.wnok.com/cc-common/mfeatures/test,ld,,,
http://*.dnl.crawlertools.com,ld,,,
https://*.screensavers.dev.java.net,ld,,,
http://*.dnl.inbox.com,ld,,,
http://*.datpiff.com,ld,,,
http://*.feeds.glam.com,ld,,,
http://*.boxxet.com,ld,,,
http://*.jjbx.net,ld,,,
http://*.payplay.fm,ld,,,
http://*.video.tvguide.com,ld,,,
http://*.tvguide.com/Video,ld,,,
http://*.afv.ugv.abc.go.com,ld,,,
http://*.funnycatvideos.net,ld,,,
http://*.latina.com/videos,ld,,,
http://*.lightyear.com,ld,,,
http://*.flickr.com,l5,,,
http://*.mgconstrucoes.com/e-card.exe,ld,,,
http://*.tropicalglen.com,ld,,,
http://*.blackcatpa.co.uk,ld,,,
http://*.wonderhowto.com,ld,,,
http://*.steve-fm.com/cc-common/news/videos,ld,,,
http://*.feeds.engadget.com,ld,,,
http://*.reinvigorate.net,ld,,,
http://*.spin.com/videos,ld,,,
http://*.wjno.com/cc-common/babes,ld,,,
http://*.wjno.com/script/headline_newsmanager.php?id=6099&pagecontent=gamehousegames,ld,,,
http://*.fastscreensavers.com,ld,,,
http://*.video.men.style.com,ld,,,
http://*.spiralfrog.com,ld,,,
http://*.utube.com,ld,,,
http://*.pbase.com,ld,,,
http://*.gisearch.com,ld,,,
http://*.nfl.com/rss,ld,,,
http://*.ewallpapers.com,ld,,,
http://*.universalmusic.com,ld,,,
http://*.stumbleaudio.com,ld,,,
http://*.music.download.com,ld,,,
http://*.podcasts.actsdesign.com/podcasts,ld,,,
http://*.mefeedia.com,ld,,,
http://*.vh1.com/home/modules/videos,ld,,,
http://*.mtv.co.uk/downloads,ld,,,
http://*.mtv.co.uk/channel/mtvuk/games,ld,,,
http://*.rmxads.com,ld,,,
http://*.marvel.com/movietrailer,ld,,,
http://*.marvelonline.com/videogames,ld,,,
http://*.incrediblehulk.marvel.com,ld,,,
http://*.marvelkids.marvel.com/videos,ld,,,
http://*.marvelonline.com/fullscreen,ld,,,
http://*.wxbt.com/cc-common/ondemand,ld,,,
http://*.onemansblog.com,ld,,,
http://*.mybloglog.com,ld,,,
http://*.woopra.com,ld,,,
http://*.free4uwallpapers.nl,ld,,,
http://*.macenstein.com,ld,,,
http://*.macosxhints.com,ld,,,
http://*.incredimail.com,ld,,,
http://*.podfm.ru,ld,,,
http://*.voicecards.ru,ld,,,
http://*.liveleak.com,ld,,,
http://*.nbjmp.com,ld,,,
http://*.slack-time.com,ld,,,
http://*.feedjit.com,ld,,,
http://*.943wsc.com/cc-common/ondemand,ld,,,
http://*.freewebs.com,ld,,,
http://*.americangreetings.com/downloads,ld,,,
http://*.vividas.com,ld,,,
http://*.steve-fm.com/cc-common/babes,ld,,,
http://*.steve-fm.com/cc-common/videos_on_demand,ld,,,
http://*.steve-fm.com/cc-common/mfeatures,ld,,,
http://*.steve-fm.com/cc-common/streaming_new,ld,,,
*://*.pandora.com,ld,,,
http://*.radiopz.com,ld,,,
http://*.sports.espn.go.com/broadband/feeds,ld,,,
http://*.feeds.theplatform.com,ld,,,
http://*.q1045.com/cc-common/ondemand,ld,,,
http://*.101funpages.com,ld,,,
http://*.friendship.com.au,ld,,,
http://*.friendship.com,ld,,,
*://www.scstatehouse.net,la,,,
http://*.jango.com,ld,,,
http://*.cbsradio.com,ld,,,
http://*.tv3.ee,ld,,,
http://*.slideflickr.com,ld,,,
http://*.fannation.com/users,ld,,,
http://*.wvoc.com/cc-common/universal_player,ld,,,
http://*.surpriseme.tv,ld,,,
http://*.943wsc.com/cc-common/streaming_new,ld,,,
http://*.943wsc.com/cc-common/common-nyc/games,ld,,,
http://*.comedycentral.com/sitewide/video_player,ld,,,
http://*.comedycentral.com/funny_videos,ld,,,
http://*.comedycentral.com/videos,ld,,,
http://*.ofs.contentreserve.com/bin,ld,,,
http://*.overdrive.com/software/omc/download.asp,ld,,,
http://*.videos.onsmash.com,ld,,,
http://*.goal.com/en-US/RssCustomStep1.aspx,ld,,,
http://*.usanetwork.com/fullepisodes,ld,,,
http://*.imeem.com,ld,,,
http://*.odeo.com,ld,,,
http://*.casalmedia.com,ld,,,
http://*.nextradiosolutions.com,ld,,,
http://*.foxnewsradio.com/toolbar.html,ld,,,
http://*.foxnewsradio.com/podcasts,ld,,,
http://*.theybf.com/chatroom,ld,,,
http://*.hubpages.com,ld,,,
http://*.radioc2.com,ld,,,
http://*.xanga.com,ld,,,
http://*.horsecity.com/videos,ld,,,
http://*.power107.net/iplaylist/nowplaying,ld,,,
http://*.power107.net/cc-common/mfeatures,ld,,,
http://*.power107.net/cc-common/mediaplayer,ld,,,
http://*.power107.net/cc-common/streaming_new,ld,,,
http://*.ustream.tv,ld,,,
http://*.eqmag.tv,ld,,,
http://*.mixplay.tv,ld,,,
http://*.sonybmgmusic.co.uk/videoplayer.swf,ld,,,
http://*.free-local-dating.com,ld,,,
http://*.lovehappens.com,ld,,,
http://*.match.com,ld,,,
http://*.tversity.com,ld,,,
http://*.jingproject.com,ld,,,
http://*.sightspeed.com,ld,,,
http://*.tribalfusion.com,ld,,,
http://*.statcounter.com,ld,,,
http://*.eviplist.com,ld,,,
http://*.addthis.com,ld,,,
http://*.vidzone.tv,ld,,,
http://*.spaces.live.com,ld,,,
http://*.cmt.com/sitewide/apps/radio,ld,,,
http://*.rapaudio.com,ld,,,
http://*.wcosfm.com/cc-common/streaming_new,ld,,,
http://*.youtubestatus.blogspot.com,ld,,,
http://*.sevenload.com,ld,,,
http://*.ringo.com,ld,,,
*://ad.google.googlepages.com,ld,,,
*://*.igloofamily.com,ld,,,
*://59.124.92.168,"spyw,othm",,,
*://211.239.126.10,"spyw,othm",,,
http://*.kzzp.com/pages/stream.html,ld,,,
http://*.kzzp.com/cc-common/ondemand,ld,,,
http://*.1047kissfm.com/cc-common/ondemand,ld,,,
http://*.1047kissfm.com/cc-common/videos_on_demand,ld,,,
http://*.1047kissfm.com/pages/stream.html,ld,,,
http://*.1047kissfm.com/cc-common/streaming_new,ld,,,
http://*.967stevefm.com/iplaylist/nowplaying,ld,,,
http://*.967stevefm.com/cc-common/vv,ld,,,
http://*.967stevefm.com/cc-common/stripped,ld,,,
http://*.musicplaylist.us,ld,,,
http://*.musicplaylist.net,ld,,,
http://*.playlist.com,ld,,,
http://*.video.google.com,ld,,,
http://*.footytube.com/category/videos,ld,,,
http://*.trutv.com/video,ld,,,
http://*.fullaudio.com,ld,,,
http://*.feeds.gawker.com,ld,,,
http://*.videos.lifetimetv.com,ld,,,
http://*.videos.mylifetime.com,ld,,,
http://*.pri.kts-af.net,ld,,,
http://*.amazon.com/gp/music,ld,,,
http://*.wcosfm.com/cc-common/mfeatures,ld,,,
http://*.emusic.com,ld,,,
http://*.fox.com/fod,ld,,,
http://*.dynamic.abc.go.com/streaming,ld,,,
http://*.friends.imagini.net,ld,,,
http://*.paypopup.com,ld,,,
*://*.licenseacquisition.org,ld,,,
http://*.zango.com,ld,,,
http://*.members.boston.com/reg,ld,,,
http://*.games.boston.com,ld,,,
http://*.motionbox.com,ld,,,
http://*.andohs.net,ld,,,
http://*.seavideo-ak.espn.go.com,ld,,,
http://*.rickeysmileymorningshow.com/,ld,,,
http://*.clearchannelmusic.com,ld,,,
http://*.wsslfm.com/cc-common/hdradio,ld,,,
http://*.client.winamp.com/np,ld,,,
http://*.armchairgm.com,ld,,,
http://*.xmradio.com/flash/home/tuner,ld,,,
*://216.251.231.128,ld,,,
*://216.251.230.7,ld,,,
http://*.inboxdollars.com,ld,,,
http://*.windowsmedia.com/Mediaguide/Music,ld,,,
http://*.find-your-tattoo.com,ld,,,
http://*.alltel.motricity.com/Alltel/HTML/swf,ld,,,
http://*.1400theteam.com/cc-common/mfeatures,ld,,,
http://*.phobos.apple.com,ld,,,
http://*.rollingstone.com/videos/video,ld,,,
http://*.christiannetcast.com/listen,ld,,,
http://*.yourminis.com,ld,,,
http://*.b937online.com/javascript,ld,,,
http://*.mtv.com/music/downloads,ld,,,
http://*.singingfool.com,ld,,,
http://*.allmusic.com,ld,,,
http://*.music.yahoo.com,ld,,,
http://*.worldgolf.com/video,ld,,,
http://*.kveg.com,ld,,,
http://*.kvegas.com,ld,,,
http://*.kvegas.com,ld,,,
http://*.cpxinteractive.com,ld,,,
ttp://*.daveramsey.com/radio/home,ld,,,
http://*.wsslfm.com/cc-common/streaming_new,ld,,,
http://*.music.clevver.com/video,ld,,,
http://*.hulu.com,ld,,,
http://*.video.justluxe.com,ld,,,
http://*.obamagirl.typepad.com,ld,,,
http://*.fastclick.net,ld,,,
http://*.new.music.yahoo.com,ld,,,
http://*.windowsmedia.com/Mediaguide/Radio,ld,,,
http://*.love1011.com/cc-common/streaming_new,ld,,,
http://*.love1011.com/iplaylist/nowplaying,ld,,,
http://*.love1011.com/cc-common/mfeatures/test,ld,,,
http://*.wcosfm.com/cc-common/mediaplayer,ld,,,
http://player.broadbandvideo.com,ld,,,
http://*.free-sounds-online.com,ld,,,
http://*.rr.com/radio,ld,,,
http://*.imageshack.us,ld,,,
http://*.projectplaylist.com,ld,,,
http://*.adsonar.com,ld,,,
http://*.2o7.net,ld,,,
http://*.eyewonder.com,ld,,,
http://*.jambovideonetwork.com,ld,,,
http://*.eyespot.com,ld,,,
http://*.streamaudio.com,ld,,,
http://*.geekoffice.com,ld,,,
http://*.bet.com/onblast,ld,,,
http://*.streamos.atlrec.com,ld,,,
http://*.streamos.wbr.com,ld,,,
http://*.release.theplatform.com,ld,,,
http://*.interscope.edgeboss.net,ld,,,
http://*.1027movinradio.com,ld,,,
http://*.lolliradio.net,ld,,,
http://*.xdevel.com,ld,,,
http://*.laradiodesebb.com,ld,,,
http://*.stream.msn.co.il,ld,,,
http://*.partyradiousa.net,ld,,,
http://*.1club.fm,ld,,,
http://*.windowsmedia.com/radiotuner,ld,,,
http://*.brandoclassicotr.com,ld,,,
http://*.planethitsradio.com,ld,,,
http://*.last.fm,ld,,,
http://69.80.226.199/wccp-fm,ld,,,
http://*.wlty.com/cc-common/streaming_new,ld,,,
http://*.wlty.com/cc-common/videos_on_demand,ld,,,
http://*.radiobigboy.com/mp3s,ld,,,
http://*.wxbt.com/iplaylist/nowplaying,ld,,,
http://*.wxbt.com/cc-common/streaming_new,ld,,,
http://*.blastro.com,ld,,,
http://*.mtv.com/mtvradio,ld,,,
http://*.imrworldwide.com,ld,,,
http://*.espnradio.espn.go.com/espnradio,ld,,,
http://*.sports.espn.go.com/broadband/video,ld,,,
http://*.hotpornotube08.com,ld,,,
http://*.jambotv.com,ld,,,
http://*.control.russia.ru/xml,ld,,,
http://*.audible.com,ld,,,
http://*.live365.com,ld,,,
http://*.players.eonstreams.com,ld,,,
http://*.wm-eon.vitalstreamcdn.com,ld,,,
http://*.1080.fm,ld,,,
http://*.0limitsradio.com,ld,,,
http://*.olimitsradio.com,ld,,,
http://video.ufc.com,ld,,,
http://video.ufc.tv,ld,,,
http://*.godtube.com,ld,,,
http://*.filteratings.com,ld,,,
http://*.searchvideo.com,ld,,,
http://*.video.yahoo.com,ld,,,
http://*.tv.yahoo.com/videos,ld,,,
http://*.wnok.com/cc-common/ondemand,ld,,,
http://*.mydamnchannel.com,ld,,,
http://*.adjuggler.com,ld,,,
http://*.downloads.instream.com,ld,,,
http://*.sample.music.yahoo.com/radio,ld,,,
http://*.rhapsody.com,ld,,,
http://*.real.com/freeplayer,ld,,,
http://*.urge.com,ld,,,
http://*.liquidcompass.cc,ld,,,
http://*.radioplayer.aol.com/player,ld,,,
http://*.radio.music.yahoo.com,ld,,,
http://*.purevolume.com,ld,,,
http://*.sharethis.com,ld,,,
http://*.clipsyndicate.com,ld,,,
http://*.djbooth.net,ld,,,
http://*.smashbeats.com,ld,,,
http://*.listen.real.com,ld,,,
http://*.radio.real.com,ld,,,
http://*.easylisteninggospelmusic.com/site,ld,,,
http://*.wnok.com/cc-common/streaming_new,ld,,,
http://www.google.com/talk,la,,,
http://*.radiotime.com,ld,,,
http://*.music.aol.com/song/player,ld,,,
http://*.video.aol.com,ld,,,
http://*.mediatakeout.com,ld,,,
http://*.x17blog.com,ld,,,
http://*.x17online.com,ld,,,
http://*.akamaistream.net/*/music_ondemand,ld,,,
http://*.mtv.com/overdrive,ld,,,
http://*.video.music.yahoo.com,ld,,,
*://*.roxwel.com,ld,,,
*://player.xmradio.com,ld,,,
*://*.trafficmonkey.com,ld,,,
*://*.fastclick.com,ld,,,
*://*.hitbox.com,ld,,,
*://*.tennpac.com,ld,,,
*://*.napster.com,ld,,,
*://*.players.internap.com,ld,,,
http://www.torontogospel.ca,ld,,,
http://*.torontogospel.ca,ld,,,
*://81.95.149.28,ld,,,
*://66.235.175.*,ld,,,
*://81.95.145.*,ld,,,
*://*.weatherbug.com,ld,,,
*://*.tevez2000.com,ld,,,
*://*.slowsunset.com,ld,,,
*://*.letour.fr,ld,,,
*://*.ladiesforlove.com,ld,,,
*://*.joyfulmoment.com,ld,,,
*://*.iwon.com,ld,,,
*://*.imfeelinggreat.com,ld,,,
*://*.gator.com,ld,,,
*://*.beselfsufficient.com,ld,,,
*://*.sceducationlottery.com,la,,,
*://216.239.37.125,ld,,,
*://msgr.hotmail.com,ld,,,
*://sc5.yahoo.com,ld,,,
*://epic.org,la,,,
*://babelfish.altavista.com,la,,,
*://192.168.4.20,la,,,
*://192.168.4.21,la,,,
*://www.wis.com,ld,,,
